{"cameraMode":{"drawMode":0,"name":"Shaded","section":"Shading Mode"},"sceneLighting":true,"audioPlay":false,"sceneViewState":{"m_AlwaysRefresh":false,"showFog":true,"showSkybox":true,"showFlares":true,"showImageEffects":true,"showParticleSystems":true,"showVisualEffectGraphs":true,"m_FxEnabled":true},"in2DMode":false,"pivot":{"x":-18.570201873779298,"y":-2.9701645374298097,"z":0.48605257272720339},"rotation":{"x":-0.058943428099155429,"y":0.699165940284729,"z":-0.05802963301539421,"w":-0.7101606130599976},"size":12.604689598083496,"orthographic":false}